Analysis	J_gene	Normal_region	Deleted_region_break	Deleted_region_next_gene	Depth_normal_region	Depth_deleted_region_break	Depth_deleted_region_next_gene	Depth_reduction_break	Depth_reduction_next_gene	Depth_reduction	Number_of_times_J_gene_specific_rearrangments	Number_of_times_J_gene_rearranged	Purity	Flag	Selected
IGH	IGHJ6	14:106329407-106329453	14:106329478-106329527	14:106330023-106330057	33	15	21	0.545	0.364	0.455	1	1	0.91	PASS	Yes
IGH	IGHJ4	14:106330424-106330455	14:106330480-106330529	14:106330796-106330830	12	0	0	1.0	1.0	1.0	1	2	1	PASS	Yes
IGK	IGKJ1	2:89161397-89161420	2:89161445-89161494	2:89161440-89161450	35	30	24	0.143	0.314	0.228	1	1	0.456	PASS	Yes
IGH	IGHJ5	14:106330023-106330057	14:106330082-106330131	14:106330424-106330455	14	12	6	0.143	0.571	0.143	0	1	0.286	PASS	No
IGH	IGHJ3	14:106330796-106330830	14:106330855-106330904	14:106331408-106331445	0	0	0	0	0	0	0	2	0	LowCoverage	No
IGH	IGHJ2	14:106331408-106331445	14:106331470-106331519	14:106331616-106331653	0	0	0	0	0	0	0	2	0	LowCoverage	No
IGH	IGHJ1	14:106331616-106331653	14:106331678-106331727	14:106331673-106331683	0	0	0	0	0	0	0	2	0	LowCoverage	No
IGK	IGKJ5	2:89160079-89160102	2:89160127-89160176	2:89160397-89160419	29	51	52	0	0	0	0	0	0	PASS	No
IGK	IGKJ4	2:89160397-89160419	2:89160444-89160493	2:89160732-89160755	35	19	39	0.457	0	0	0	0	0	PASS	No
IGK	IGKJ3	2:89160732-89160755	2:89160780-89160829	2:89161036-89161059	45	42	44	0.067	0.022	0.022	0	0	0.044	PASS	No
IGK	IGKJ2	2:89161036-89161059	2:89161084-89161133	2:89161397-89161420	43	32	45	0.256	0	0	0	0	0	PASS	No
IGL	IGLJ7	22:23263585-23263607	22:23263511-23263560	22:23260351-23260373	24	34	32	0	0	0	0	0	0	PASS	No
IGL	IGLJ6	22:23260351-23260373	22:23260277-23260326	22:23247183-23247205	22	21	20	0.045	0.091	0.045	0	0	0.09	PASS	No
IGL	IGLJ3	22:23247183-23247205	22:23247109-23247158	22:23241813-23241835	61	57	90	0.066	0	0	0	0	0	PASS	No
IGL	IGLJ2	22:23241813-23241835	22:23241739-23241788	22:23235976-23235998	30	21	28	0.3	0.067	0.067	0	0	0.134	PASS	No
IGL	IGLJ1	22:23235976-23235998	22:23235902-23235951	22:23235946-23235956	35	31	33	0.114	0.057	0.057	0	0	0.114	PASS	No
IGKKde	NA	NA	NA	NA	NA	NA	NA	NA	NA	NA	NA	NA	NA	NoRearranged	No
IGKRSS	NA	NA	NA	NA	NA	NA	NA	NA	NA	NA	NA	NA	NA	NoRearranged	No
